{
  "tableData1": [{
    "rank" : "1",
    "name": "검사 내전"
  }, {
    "rank": "2",
    "name": "어떻게 민주주의는 무너지는가"
  }, {
    "rank": "3",
    "name": "평양 자본주의 백과전서"
  }, {
    "rank": "4",
    "name": "상속 설계"
  }, {
    "rank": "5",
    "name": "21세기 미국의 패권과 지정학"
  }, {
    "rank": "6",
    "name": "3층 서기실의 암호"
  }, {
    "rank": "7",
    "name": "실격당한 자들을 위한 변론 "
  }, {
    "rank": "8",
    "name": "왜 세계의 절반은 굶주리는가?"
  }, {
    "rank": "9",
    "name": "결정의 본질"
  }, {
    "rank": "10",
    "name": "임플란트 전쟁"
  }, {
    "rank": "11",
    "name": "판사유감"
  }, {
    "rank": "12",
    "name": "이갈리아의 딸들"
  }, {
    "rank": "13",
    "name": "우린 다르게 살기로 했다"
  }, {
    "rank": "14",
    "name": "담대한 여정"
  }, {
    "rank": "15",
    "name": "지리의 힘"
  }, {
    "rank": "16",
    "name": "예정된 전쟁"
  }, {
    "rank": "17",
    "name": "이상한 정상가족"
  }, {
    "rank": "18",
    "name": "평양의 시간은 서울의 시간과 함께 흐른다"
  }, {
    "rank": "19",
    "name": "우리도 행복할 수 있을까"
  }, {
    "rank": "20",
    "name": "거대한 코끼리, 중국의 진실"
  }]
}