{
  "tableData1": [{
    "rank" : "1",
    "name": "이기적 유전자"
  }, {
    "rank": "2",
    "name": "zckvmqlkwer"
  }, {
    "rank": "3",
    "name": "alkdjfasd"
  }, {
    "rank": "4",
    "name": "xcvkzjckvw"
  }, {
    "rank": "5",
    "name": "xcvkzjckvw"
  }, {
    "rank": "6",
    "name": "xcvkzjckvw"
  }, {
    "rank": "7",
    "name": "xcvkzjckvw"
  }, {
    "rank": "8",
    "name": "xcvkzjckvw"
  }, {
    "rank": "9",
    "name": "xcvkzjckvw"
  }, {
    "rank": "10",
    "name": "xcvkzjckvw"
  }, {
    "rank": "11",
    "name": "xcvkzjckvw"
  }, {
    "rank": "12",
    "name": "xcvkzjckvw"
  }, {
    "rank": "13",
    "name": "xcvkzjckvw"
  }, {
    "rank": "14",
    "name": "xcvkzjckvw"
  }, {
    "rank": "15",
    "name": "xcvkzjckvw"
  }, {
    "rank": "16",
    "name": "xcvkzjckvw"
  }, {
    "rank": "17",
    "name": "xcvkzjckvw"
  }, {
    "rank": "18",
    "name": "xcvkzjckvw"
  }, {
    "rank": "19",
    "name": "xcvkzjckvw"
  }, {
    "rank": "20",
    "name": "xcvkzjckvw"
  }]
}