{
  "tableData1": [
    {
      "rank": "1",
      "name": "마이크로소프트웨어"
    },
    {
      "rank": "2",
      "name": "케라스 창시자에게 배우는 딥러닝"
    },
    {
      "rank": "3",
      "name": "직장인을 위한 실무 엑셀"
    },
    {
      "rank": "4",
      "name": "컴퓨터활용능력 1급 필기"
    },
    {
      "rank": "5",
      "name": "전산세무 2급 이론"
    },
    {
      "rank": "6",
      "name": "된다! 김메주의 유튜브 영상 만들기"
    },
    {
      "rank": "7",
      "name": "Do it! 점프 투 파이썬"
    },
    {
      "rank": "8",
      "name": "전산회계 2급 이론 실기 기출문제"
    },
    {
      "rank": "9",
      "name": "데이터 분석 준전문가 ADsP 한 권으로 끝내기"
    },
    {
      "rank": "10",
      "name": "워드프로세서 실기"
    },
    {
      "rank": "11",
      "name": "심층학습(제이펍의 인공지는 시리즈)"
    },
    {
      "rank": "12",
      "name": "패턴 인식과 머신러닝"
    },
    {
      "rank": "13",
      "name": "데이터 분석 준전문가"
    },
    {
      "rank": "14",
      "name": "핸즈온 머신러닝"
    },
    {
      "rank": "15",
      "name": "컴퓨터활용능력 2급 필기"
    },
    {
      "rank": "16",
      "name": "V-Ray for Sketchup"
    },
    {
      "rank": "17",
      "name": "컴퓨터활용능력 1급 실기"
    },
    {
      "rank": "18",
      "name": "포토샵&일러스트레이터 CC 무작정 따라하기"
    },
    {
      "rank": "19",
      "name": "데이터 과학을 위한 통계"
    },
    {
      "rank": "20",
      "name": "밑바닥부터 시작하는 딥러닝"
    }
  ]
}